likeable_id,likeable_type,user_id,created_at,updated_at
3CE9544D-8F6F-27C3-D849-E4E5B7ADD29F,App\Item,977EAF13-2C15-40F1-A575-91972BCAAA8F,2019-01-01 00:13:52,2019-01-01 00:13:52
84A0EDA8-6D87-4E5D-C7CE-D2D1C6B015EA,App\Item,977EAF13-2C15-40F1-A575-91972BCAAA8F,2019-01-01 00:13:52,2019-01-01 00:13:52
5F0E444A-3151-9713-94C5-5924DE81EFAC,App\Item,977EAF13-2C15-40F1-A575-91972BCAAA8F,2019-01-01 00:13:52,2019-01-01 00:13:52
08A902D3-9B52-93F2-24A5-C943E3350D13,App\Item,977EAF13-2C15-40F1-A575-91972BCAAA8F,2019-01-01 00:13:52,2019-01-01 00:13:52
710F0676-A119-FC0B-3BDD-8C94C52AA490,App\Item,977EAF13-2C15-40F1-A575-91972BCAAA8F,2019-01-01 00:13:52,2019-01-01 00:13:52
55F969D4-D85C-27C5-2C3A-FE0C5050EBCF,App\Item,977EAF13-2C15-40F1-A575-91972BCAAA8F,2019-01-01 00:13:52,2019-01-01 00:13:52
1A17A56F-0896-4D94-AC5D-1DC55DA8D13A,App\Item,977EAF13-2C15-40F1-A575-91972BCAAA8F,2019-01-01 00:13:52,2019-01-01 00:13:52
C19D26BC-9AED-782A-4F07-ACB97045E911,App\Item,977EAF13-2C15-40F1-A575-91972BCAAA8F,2019-01-01 00:13:52,2019-01-01 00:13:52
5D9C23AE-58C8-BA40-6CEE-60F34862A42E,App\Item,977EAF13-2C15-40F1-A575-91972BCAAA8F,2019-01-01 00:13:52,2019-01-01 00:13:52
7CC7D48E-94DD-5913-23F6-ECA057A7BD51,App\Item,977EAF13-2C15-40F1-A575-91972BCAAA8F,2019-01-01 00:13:52,2019-01-01 00:13:52
CA8B9034-BE5C-E900-B112-A571C6F583D1,App\Item,977EAF13-2C15-40F1-A575-91972BCAAA8F,2019-01-01 00:13:52,2019-01-01 00:13:52
0A4D64EF-178C-CFA0-FF16-D8AF2091DF22,App\Item,977EAF13-2C15-40F1-A575-91972BCAAA8F,2019-01-01 00:13:52,2019-01-01 00:13:52
8C8E92EF-3320-2FD3-66B1-99290EB63C86,App\Item,977EAF13-2C15-40F1-A575-91972BCAAA8F,2019-01-01 00:13:52,2019-01-01 00:13:52
DCA70901-643D-49A4-86ED-9418DFB1E4A5,App\Item,977EAF13-2C15-40F1-A575-91972BCAAA8F,2019-01-01 00:13:52,2019-01-01 00:13:52
40C196B6-639A-0B0C-17AC-3128B5AE2FF5,App\Item,977EAF13-2C15-40F1-A575-91972BCAAA8F,2019-01-01 00:13:52,2019-01-01 00:13:52
2BCFE1CE-0AC8-C545-036E-C23CEA35BCC2,App\Item,977EAF13-2C15-40F1-A575-91972BCAAA8F,2019-01-01 00:13:52,2019-01-01 00:13:52
311B103B-7CA3-7541-6441-9186226AF787,App\Item,977EAF13-2C15-40F1-A575-91972BCAAA8F,2019-01-01 00:13:52,2019-01-01 00:13:52
89034D0D-90F4-8508-4D43-CEE667D52C24,App\Item,977EAF13-2C15-40F1-A575-91972BCAAA8F,2019-01-01 00:13:52,2019-01-01 00:13:52
7AE2D1A2-D22E-336F-1EC9-E16209985DBD,App\Item,977EAF13-2C15-40F1-A575-91972BCAAA8F,2019-01-01 00:13:52,2019-01-01 00:13:52
7FB25181-8F05-EC58-9C47-BBF908AD32C4,App\Item,977EAF13-2C15-40F1-A575-91972BCAAA8F,2019-01-01 00:13:52,2019-01-01 00:13:52
85EC16F5-BE82-A086-5A9D-E35A9DFC8523,App\Item,977EAF13-2C15-40F1-A575-91972BCAAA8F,2019-01-01 00:13:52,2019-01-01 00:13:52
AD7AD90B-601F-21DB-280F-AFF016C888DD,App\Item,977EAF13-2C15-40F1-A575-91972BCAAA8F,2019-01-01 00:13:52,2019-01-01 00:13:52
F6659232-8524-08BE-AD28-D3BFAC3C9492,App\Item,977EAF13-2C15-40F1-A575-91972BCAAA8F,2019-01-01 00:13:52,2019-01-01 00:13:52
744DFE16-B347-8698-762E-2F31EB789E10,App\Item,977EAF13-2C15-40F1-A575-91972BCAAA8F,2019-01-01 00:13:52,2019-01-01 00:13:52
96F0455C-F76A-1DA3-9BE5-6858A6C5FD92,App\Item,977EAF13-2C15-40F1-A575-91972BCAAA8F,2019-01-01 00:13:52,2019-01-01 00:13:52
33952F01-F103-1FB8-F6A6-2AC434DF81B4,App\Item,977EAF13-2C15-40F1-A575-91972BCAAA8F,2019-01-01 00:13:52,2019-01-01 00:13:52
F8AE97D0-52E4-0AE7-C0BB-2098E2BEBAC9,App\Item,977EAF13-2C15-40F1-A575-91972BCAAA8F,2019-01-01 00:13:52,2019-01-01 00:13:52
4D32DD99-8C71-4A4A-6B54-14D4ADE38704,App\Item,977EAF13-2C15-40F1-A575-91972BCAAA8F,2019-01-01 00:13:52,2019-01-01 00:13:52
C828BD66-EF23-EC94-EDEE-47ADB043C920,App\Item,977EAF13-2C15-40F1-A575-91972BCAAA8F,2019-01-01 00:13:52,2019-01-01 00:13:52
4AD0893B-8438-8100-E564-7B1D0E55E40E,App\Item,977EAF13-2C15-40F1-A575-91972BCAAA8F,2019-01-01 00:13:52,2019-01-01 00:13:52
8772EF93-5904-A859-4F8F-74835EB35888,App\Item,977EAF13-2C15-40F1-A575-91972BCAAA8F,2019-01-01 00:13:52,2019-01-01 00:13:52
99A2DEA3-01FB-1F1F-33A4-F961C2B3696B,App\Item,977EAF13-2C15-40F1-A575-91972BCAAA8F,2019-01-01 00:13:52,2019-01-01 00:13:52
A6809313-558A-ED67-016E-E43A9C5353BC,App\Item,977EAF13-2C15-40F1-A575-91972BCAAA8F,2019-01-01 00:13:52,2019-01-01 00:13:52
B134A759-37FD-DAF7-B9E0-1103B73EB677,App\Item,977EAF13-2C15-40F1-A575-91972BCAAA8F,2019-01-01 00:13:52,2019-01-01 00:13:52
568EC0CB-D08B-FE88-208B-B318FEFBE215,App\Item,977EAF13-2C15-40F1-A575-91972BCAAA8F,2019-01-01 00:13:52,2019-01-01 00:13:52
8C574C62-36EC-9AD6-01A7-696901D3819E,App\Item,977EAF13-2C15-40F1-A575-91972BCAAA8F,2019-01-01 00:13:52,2019-01-01 00:13:52
7CFA032D-6562-0F11-BB58-8823DC12ED86,App\Item,977EAF13-2C15-40F1-A575-91972BCAAA8F,2019-01-01 00:13:52,2019-01-01 00:13:52
98F34CC1-020B-BD12-90FB-7A0FA9B7FFF0,App\Item,977EAF13-2C15-40F1-A575-91972BCAAA8F,2019-01-01 00:13:52,2019-01-01 00:13:52
E26B8B12-C7F3-C53A-6FC5-0414570C2159,App\Item,977EAF13-2C15-40F1-A575-91972BCAAA8F,2019-01-01 00:13:52,2019-01-01 00:13:52
2BBDACD7-6D0C-9B51-3797-66271A9FAEE1,App\Item,977EAF13-2C15-40F1-A575-91972BCAAA8F,2019-01-01 00:13:52,2019-01-01 00:13:52
8A5AB7F7-1796-F8F9-7591-83BFB83901F4,App\Item,977EAF13-2C15-40F1-A575-91972BCAAA8F,2019-01-01 00:13:52,2019-01-01 00:13:52
862F4B91-6004-872C-AF12-977ED98660AC,App\Item,977EAF13-2C15-40F1-A575-91972BCAAA8F,2019-01-01 00:13:52,2019-01-01 00:13:52
881A0923-74A0-FB94-713D-4C1D25F4B607,App\Item,977EAF13-2C15-40F1-A575-91972BCAAA8F,2019-01-01 00:13:52,2019-01-01 00:13:52
A04348A0-3C20-8691-6C6C-27AC2B9FB5C7,App\Item,977EAF13-2C15-40F1-A575-91972BCAAA8F,2019-01-01 00:13:52,2019-01-01 00:13:52
45AE040F-9F82-8CD3-559E-739907E6ADBF,App\Item,977EAF13-2C15-40F1-A575-91972BCAAA8F,2019-01-01 00:13:52,2019-01-01 00:13:52
6B275CDF-58F8-13FC-7893-F0906EB41A30,App\Item,977EAF13-2C15-40F1-A575-91972BCAAA8F,2019-01-01 00:13:52,2019-01-01 00:13:52
D4E45CA5-C49A-7071-F604-24F1CF3D612B,App\Item,977EAF13-2C15-40F1-A575-91972BCAAA8F,2019-01-01 00:13:52,2019-01-01 00:13:52
AA9F29A3-A8AB-D0DB-653A-AF79F7A49E2F,App\Item,977EAF13-2C15-40F1-A575-91972BCAAA8F,2019-01-01 00:13:52,2019-01-01 00:13:52
677C54AB-EFC6-4F2B-0577-8EE882A80BF4,App\Item,977EAF13-2C15-40F1-A575-91972BCAAA8F,2019-01-01 00:13:52,2019-01-01 00:13:52
52463F1F-7639-40BC-0F8D-9085286A4FC3,App\Item,977EAF13-2C15-40F1-A575-91972BCAAA8F,2019-01-01 00:13:52,2019-01-01 00:13:52
D5CDF97E-834C-3DB0-3509-F008CB20E8DF,App\Item,977EAF13-2C15-40F1-A575-91972BCAAA8F,2019-01-01 00:13:52,2019-01-01 00:13:52
0AFD8AB3-2B30-5046-F152-E4B44D62EC7F,App\Item,977EAF13-2C15-40F1-A575-91972BCAAA8F,2019-01-01 00:13:52,2019-01-01 00:13:52
E52CFFE9-7B01-1007-2A8B-E2F336FF0B95,App\Item,977EAF13-2C15-40F1-A575-91972BCAAA8F,2019-01-01 00:13:52,2019-01-01 00:13:52
C7B1E4FE-7BBA-B9AC-2272-130230F87C81,App\Item,977EAF13-2C15-40F1-A575-91972BCAAA8F,2019-01-01 00:13:52,2019-01-01 00:13:52
E6653C08-5E55-9791-990E-FE32BB6D8AB4,App\Item,977EAF13-2C15-40F1-A575-91972BCAAA8F,2019-01-01 00:13:52,2019-01-01 00:13:52
BB2764F9-9EAD-02AE-9DD5-E371744B47D6,App\Item,977EAF13-2C15-40F1-A575-91972BCAAA8F,2019-01-01 00:13:52,2019-01-01 00:13:52
A0F9C661-BA88-4F1C-1051-DB941D5F0B0C,App\Item,977EAF13-2C15-40F1-A575-91972BCAAA8F,2019-01-01 00:13:52,2019-01-01 00:13:52
978B43BD-A4A3-56EB-ABB7-3544724A0B8C,App\Item,977EAF13-2C15-40F1-A575-91972BCAAA8F,2019-01-01 00:13:52,2019-01-01 00:13:52
253BA4F3-270F-217E-4D36-BEACA8E6C2C3,App\Item,977EAF13-2C15-40F1-A575-91972BCAAA8F,2019-01-01 00:13:52,2019-01-01 00:13:52
015D5A78-681F-32AF-8E9D-067DDF517855,App\Item,977EAF13-2C15-40F1-A575-91972BCAAA8F,2019-01-01 00:13:52,2019-01-01 00:13:52
4D24A800-BE8A-D028-26DB-6598EE0BB850,App\Item,977EAF13-2C15-40F1-A575-91972BCAAA8F,2019-01-01 00:13:52,2019-01-01 00:13:52
809D3599-4C44-BC79-5F8D-662E68F55D85,App\Item,977EAF13-2C15-40F1-A575-91972BCAAA8F,2019-01-01 00:13:52,2019-01-01 00:13:52
1A0B45DB-4E95-6102-DFFC-24F42BC06E0D,App\Item,977EAF13-2C15-40F1-A575-91972BCAAA8F,2019-01-01 00:13:52,2019-01-01 00:13:52
5B948994-EC46-9F88-5ABD-FEEC501120CE,App\Item,977EAF13-2C15-40F1-A575-91972BCAAA8F,2019-01-01 00:13:52,2019-01-01 00:13:52
7FC6A394-D575-F4B5-16BF-24AC4DD554EF,App\Item,977EAF13-2C15-40F1-A575-91972BCAAA8F,2019-01-01 00:13:52,2019-01-01 00:13:52
AD346BE9-A4D3-CDD9-5054-88B72BFD2EBC,App\Item,977EAF13-2C15-40F1-A575-91972BCAAA8F,2019-01-01 00:13:52,2019-01-01 00:13:52
AA0DB494-3421-541B-70E4-77E7FE4F9D8D,App\Item,977EAF13-2C15-40F1-A575-91972BCAAA8F,2019-01-01 00:13:52,2019-01-01 00:13:52
EB250BB1-8164-5A9C-7DD3-B1379E7C6F63,App\Item,977EAF13-2C15-40F1-A575-91972BCAAA8F,2019-01-01 00:13:52,2019-01-01 00:13:52
B0088619-02C0-758B-2F25-35E49D9A3B5F,App\Item,977EAF13-2C15-40F1-A575-91972BCAAA8F,2019-01-01 00:13:52,2019-01-01 00:13:52
A6C6CE9D-2A62-44B2-5DB2-6D2038F1B3B9,App\Item,977EAF13-2C15-40F1-A575-91972BCAAA8F,2019-01-01 00:13:52,2019-01-01 00:13:52
6535B970-E481-F86E-D879-A27AAFE7E482,App\Item,977EAF13-2C15-40F1-A575-91972BCAAA8F,2019-01-01 00:13:52,2019-01-01 00:13:52
0F67AB9F-DC75-67CB-FD57-BE8B5C43D383,App\Item,977EAF13-2C15-40F1-A575-91972BCAAA8F,2019-01-01 00:13:52,2019-01-01 00:13:52
C32657C4-9BF4-E0E6-3164-C68D81321045,App\Item,977EAF13-2C15-40F1-A575-91972BCAAA8F,2019-01-01 00:13:52,2019-01-01 00:13:52
EA0997CB-69A1-2BD8-20A8-B7AE031BA94F,App\Item,977EAF13-2C15-40F1-A575-91972BCAAA8F,2019-01-01 00:13:52,2019-01-01 00:13:52
6A8C50CC-4C79-3A54-7CB9-AD5B510671DE,App\Item,977EAF13-2C15-40F1-A575-91972BCAAA8F,2019-01-01 00:13:52,2019-01-01 00:13:52
1C405E0B-A46F-AAD6-253B-FE3980EBF08F,App\Item,977EAF13-2C15-40F1-A575-91972BCAAA8F,2019-01-01 00:13:52,2019-01-01 00:13:52
F5FBD531-24FE-34D4-415A-63CDE3281908,App\Item,977EAF13-2C15-40F1-A575-91972BCAAA8F,2019-01-01 00:13:52,2019-01-01 00:13:52
01B2A06A-46AD-60FF-A89B-100AB42D6545,App\Item,977EAF13-2C15-40F1-A575-91972BCAAA8F,2019-01-01 00:13:52,2019-01-01 00:13:52
5AF33996-0B9C-CF3F-D95F-BCCDC8DB7FF1,App\Item,977EAF13-2C15-40F1-A575-91972BCAAA8F,2019-01-01 00:13:52,2019-01-01 00:13:52
F71E028C-B19C-50C3-09AB-D67D8BD6EE8E,App\Item,977EAF13-2C15-40F1-A575-91972BCAAA8F,2019-01-01 00:13:52,2019-01-01 00:13:52
FFD4CAFC-9485-4828-A0DE-8B1FAAE56EE5,App\Item,977EAF13-2C15-40F1-A575-91972BCAAA8F,2019-01-01 00:13:52,2019-01-01 00:13:52
747305CC-AA14-5509-F105-A33960181A7D,App\Item,977EAF13-2C15-40F1-A575-91972BCAAA8F,2019-01-01 00:13:52,2019-01-01 00:13:52
DB2A7FFB-45FD-A19A-90C0-DF7C90C278B8,App\Item,977EAF13-2C15-40F1-A575-91972BCAAA8F,2019-01-01 00:13:52,2019-01-01 00:13:52
45AE6012-73A6-C167-4287-ECE78F098036,App\Item,977EAF13-2C15-40F1-A575-91972BCAAA8F,2019-01-01 00:13:52,2019-01-01 00:13:52
D644EB19-0444-4EC2-4FA8-4DFFCB2D2EA4,App\Item,977EAF13-2C15-40F1-A575-91972BCAAA8F,2019-01-01 00:13:52,2019-01-01 00:13:52
58514FFC-A179-FA1C-3E74-1AE7FB3459D7,App\Item,977EAF13-2C15-40F1-A575-91972BCAAA8F,2019-01-01 00:13:52,2019-01-01 00:13:52
FDDB336B-0FF8-1B2D-51C4-50EBE43F5203,App\Item,977EAF13-2C15-40F1-A575-91972BCAAA8F,2019-01-01 00:13:52,2019-01-01 00:13:52
AB2561B7-0927-CEA4-9BAA-DD2852FF5F45,App\Item,977EAF13-2C15-40F1-A575-91972BCAAA8F,2019-01-01 00:13:52,2019-01-01 00:13:52
BEAAB000-BB04-2BF2-D635-BCDD8C7B4E81,App\Item,977EAF13-2C15-40F1-A575-91972BCAAA8F,2019-01-01 00:13:52,2019-01-01 00:13:52
D0F7E537-CF9E-5DE8-06AA-1FC07DDC534D,App\Item,977EAF13-2C15-40F1-A575-91972BCAAA8F,2019-01-01 00:13:52,2019-01-01 00:13:52
9FBBB30D-F637-46E9-835F-C0BF50DAF3E5,App\Item,977EAF13-2C15-40F1-A575-91972BCAAA8F,2019-01-01 00:13:52,2019-01-01 00:13:52
6D23DE12-6556-B71D-C953-A3396A41683B,App\Item,977EAF13-2C15-40F1-A575-91972BCAAA8F,2019-01-01 00:13:52,2019-01-01 00:13:52
0B2B18CC-C9C6-8D98-920D-7983321D0FDB,App\Item,977EAF13-2C15-40F1-A575-91972BCAAA8F,2019-01-01 00:13:52,2019-01-01 00:13:52
FE81A75C-2597-630D-03C9-48C9A9CED874,App\Item,977EAF13-2C15-40F1-A575-91972BCAAA8F,2019-01-01 00:13:52,2019-01-01 00:13:52
EB54B7EB-8341-EA90-486B-7049D478EB52,App\Item,977EAF13-2C15-40F1-A575-91972BCAAA8F,2019-01-01 00:13:52,2019-01-01 00:13:52
69CCF859-4BE1-E1DD-391D-548BFEAC2F77,App\Item,977EAF13-2C15-40F1-A575-91972BCAAA8F,2019-01-01 00:13:52,2019-01-01 00:13:52
A8F3471A-1A36-2284-C3BD-A6D30C4D6B38,App\Item,977EAF13-2C15-40F1-A575-91972BCAAA8F,2019-01-01 00:13:52,2019-01-01 00:13:52
1C543415-08F2-E752-0B6B-879BFCBCA4CF,App\Item,977EAF13-2C15-40F1-A575-91972BCAAA8F,2019-01-01 00:13:52,2019-01-01 00:13:52
2F11DD55-07FE-CC22-0BF8-BE0B87B809AE,App\Item,977EAF13-2C15-40F1-A575-91972BCAAA8F,2019-01-01 00:13:52,2019-01-01 00:13:52
7641E312-F8C5-4B57-D7BE-A713B9088B06,App\Item,977EAF13-2C15-40F1-A575-91972BCAAA8F,2019-01-01 00:13:52,2019-01-01 00:13:52
30870CB5-3081-9BEA-6C0E-4715DF3B2953,App\Item,977EAF13-2C15-40F1-A575-91972BCAAA8F,2019-01-01 00:13:52,2019-01-01 00:13:52
AB207D3C-AE62-146D-2955-16C69868AB86,App\Item,977EAF13-2C15-40F1-A575-91972BCAAA8F,2019-01-01 00:13:52,2019-01-01 00:13:52
58EEEF05-BD41-151B-AAD6-8ED75C64C3A3,App\Item,977EAF13-2C15-40F1-A575-91972BCAAA8F,2019-01-01 00:13:52,2019-01-01 00:13:52
F4D1693E-338E-6EB4-081A-B689F07404F5,App\Item,977EAF13-2C15-40F1-A575-91972BCAAA8F,2019-01-01 00:13:52,2019-01-01 00:13:52
A9412BE0-FA67-3B14-3F41-FBA7418CC36D,App\Item,977EAF13-2C15-40F1-A575-91972BCAAA8F,2019-01-01 00:13:52,2019-01-01 00:13:52
64C3F762-05FB-C40C-0687-24ECFAD33D6C,App\Item,977EAF13-2C15-40F1-A575-91972BCAAA8F,2019-01-01 00:13:52,2019-01-01 00:13:52
7A734645-CAA3-489C-470D-43ACE98CCFC9,App\Item,977EAF13-2C15-40F1-A575-91972BCAAA8F,2019-01-01 00:13:52,2019-01-01 00:13:52
1A304516-7C71-28E2-3E48-2AC7BA5B41BE,App\Item,977EAF13-2C15-40F1-A575-91972BCAAA8F,2019-01-01 00:13:52,2019-01-01 00:13:52
8D9A6CA7-9F82-4E52-ACFC-6EF3490C748B,App\Item,977EAF13-2C15-40F1-A575-91972BCAAA8F,2019-01-01 00:13:52,2019-01-01 00:13:52
88A9AC4A-1E3E-3773-6BE3-D754F3EC68E2,App\Item,977EAF13-2C15-40F1-A575-91972BCAAA8F,2019-01-01 00:13:52,2019-01-01 00:13:52
A155EE1D-04B9-A93A-9CF8-A86E7A7534D9,App\Item,977EAF13-2C15-40F1-A575-91972BCAAA8F,2019-01-01 00:13:52,2019-01-01 00:13:52
4BA307EC-8373-F5F8-17BC-F81016BEA6B2,App\Item,977EAF13-2C15-40F1-A575-91972BCAAA8F,2019-01-01 00:13:52,2019-01-01 00:13:52
4AE1F1C6-2202-6303-EF8D-3283A17CDC90,App\Item,977EAF13-2C15-40F1-A575-91972BCAAA8F,2019-01-01 00:13:52,2019-01-01 00:13:52
0A24BAE6-D065-E775-5CE1-7826D11C4207,App\Item,977EAF13-2C15-40F1-A575-91972BCAAA8F,2019-01-01 00:13:52,2019-01-01 00:13:52
7F5E82B9-5862-CF2A-048E-D2679F4DDE25,App\Item,977EAF13-2C15-40F1-A575-91972BCAAA8F,2019-01-01 00:13:52,2019-01-01 00:13:52
51AD0A89-C0BB-C1AA-E4D3-353C30325C71,App\Item,977EAF13-2C15-40F1-A575-91972BCAAA8F,2019-01-01 00:13:52,2019-01-01 00:13:52
4D75D17B-932D-E1DB-0B6E-23495009CB87,App\Item,977EAF13-2C15-40F1-A575-91972BCAAA8F,2019-01-01 00:13:52,2019-01-01 00:13:52
13817F12-F53D-7DB5-7649-65F8C1BD3797,App\Item,977EAF13-2C15-40F1-A575-91972BCAAA8F,2019-01-01 00:13:52,2019-01-01 00:13:52
114B248B-B8F4-40C0-19F0-12896F40FC38,App\Item,977EAF13-2C15-40F1-A575-91972BCAAA8F,2019-01-01 00:13:52,2019-01-01 00:13:52
17AECF82-D6DB-2F05-7FEB-D3CBC4CD8994,App\Item,977EAF13-2C15-40F1-A575-91972BCAAA8F,2019-01-01 00:13:52,2019-01-01 00:13:52
23AE6D6E-87A4-DA07-DC93-DA844EF05616,App\Item,977EAF13-2C15-40F1-A575-91972BCAAA8F,2019-01-01 00:13:52,2019-01-01 00:13:52
87E3562F-F3FB-BB10-20C9-7D7238980DFA,App\Item,977EAF13-2C15-40F1-A575-91972BCAAA8F,2019-01-01 00:13:52,2019-01-01 00:13:52
85A5818F-2F1F-A314-C546-05371AA5FB13,App\Item,977EAF13-2C15-40F1-A575-91972BCAAA8F,2019-01-01 00:13:52,2019-01-01 00:13:52
7C9BF674-FCB3-55FA-A763-0D7BDA8B3546,App\Item,977EAF13-2C15-40F1-A575-91972BCAAA8F,2019-01-01 00:13:52,2019-01-01 00:13:52
38E2C16C-7A58-393D-942B-9901FEB47A4B,App\Item,977EAF13-2C15-40F1-A575-91972BCAAA8F,2019-01-01 00:13:52,2019-01-01 00:13:52
D966C5BA-AA2C-CFC2-0D73-DD0D72AB5C19,App\Item,977EAF13-2C15-40F1-A575-91972BCAAA8F,2019-01-01 00:13:52,2019-01-01 00:13:52
4E2C7D2F-9315-886A-E51B-083F2911E5CE,App\Item,977EAF13-2C15-40F1-A575-91972BCAAA8F,2019-01-01 00:13:52,2019-01-01 00:13:52
458A3782-86E5-5EA4-BDD2-AC47CFAF656B,App\Item,977EAF13-2C15-40F1-A575-91972BCAAA8F,2019-01-01 00:13:52,2019-01-01 00:13:52
65270B9A-699D-A3C7-002A-BA2ED90EDFB3,App\Item,977EAF13-2C15-40F1-A575-91972BCAAA8F,2019-01-01 00:13:52,2019-01-01 00:13:52
EABF413F-57EE-29B1-FA54-C961FE46E83F,App\Item,977EAF13-2C15-40F1-A575-91972BCAAA8F,2019-01-01 00:13:52,2019-01-01 00:13:52
F41B7A2F-C4F5-B2F1-3241-D0A3EF85C3FC,App\Item,977EAF13-2C15-40F1-A575-91972BCAAA8F,2019-01-01 00:13:52,2019-01-01 00:13:52
44F0BE6A-F991-F5DD-B17A-C1A2A6E190C3,App\Item,977EAF13-2C15-40F1-A575-91972BCAAA8F,2019-01-01 00:13:52,2019-01-01 00:13:52
C6C1BA47-9DC1-D990-D7B9-F3E316C03587,App\Item,977EAF13-2C15-40F1-A575-91972BCAAA8F,2019-01-01 00:13:52,2019-01-01 00:13:52
E5690E5A-134D-7237-4F09-162BC85D581E,App\Item,977EAF13-2C15-40F1-A575-91972BCAAA8F,2019-01-01 00:13:52,2019-01-01 00:13:52
1B59A8DC-3C04-4EE1-D03A-B0EE63536B68,App\Item,977EAF13-2C15-40F1-A575-91972BCAAA8F,2019-01-01 00:13:52,2019-01-01 00:13:52
C2859914-81E8-D79A-10F5-1B5E4FDBA8C4,App\Item,977EAF13-2C15-40F1-A575-91972BCAAA8F,2019-01-01 00:13:52,2019-01-01 00:13:52
2393155D-4E83-1975-A6C5-AFD0E6066DBF,App\Item,977EAF13-2C15-40F1-A575-91972BCAAA8F,2019-01-01 00:13:52,2019-01-01 00:13:52
EFB657B3-9538-0252-F47C-B8DE6B97112C,App\Item,977EAF13-2C15-40F1-A575-91972BCAAA8F,2019-01-01 00:13:52,2019-01-01 00:13:52
F4A2E5A3-0493-BC1B-01F1-B3ECE1B770B0,App\Item,977EAF13-2C15-40F1-A575-91972BCAAA8F,2019-01-01 00:13:52,2019-01-01 00:13:52
157C737E-FD06-CE9C-438D-DE2AF069E5BD,App\Item,977EAF13-2C15-40F1-A575-91972BCAAA8F,2019-01-01 00:13:52,2019-01-01 00:13:52
998EF7DA-F07A-9250-F7F9-40B34BFC884B,App\Item,977EAF13-2C15-40F1-A575-91972BCAAA8F,2019-01-01 00:13:52,2019-01-01 00:13:52
BE94AF97-B6EC-F518-E868-3B2DC4397AF0,App\Item,977EAF13-2C15-40F1-A575-91972BCAAA8F,2019-01-01 00:13:52,2019-01-01 00:13:52
C5EB9097-173F-85E5-9FCD-684DFBFBF633,App\Item,977EAF13-2C15-40F1-A575-91972BCAAA8F,2019-01-01 00:13:52,2019-01-01 00:13:52
D2DF55B4-F0D1-CE45-4C02-585B8B62E5A0,App\Item,977EAF13-2C15-40F1-A575-91972BCAAA8F,2019-01-01 00:13:52,2019-01-01 00:13:52
D5380EAD-A0AD-89D4-A26B-F580C6DF25DE,App\Item,977EAF13-2C15-40F1-A575-91972BCAAA8F,2019-01-01 00:13:52,2019-01-01 00:13:52
B0E15826-0CF7-2680-5C7C-B6EDEA8AD965,App\Item,977EAF13-2C15-40F1-A575-91972BCAAA8F,2019-01-01 00:13:52,2019-01-01 00:13:52
CFAFDDA6-F965-FF79-EEA3-4F2866E6BB51,App\Item,977EAF13-2C15-40F1-A575-91972BCAAA8F,2019-01-01 00:13:52,2019-01-01 00:13:52
7EEDF26F-AAED-319F-EC80-986628FF590B,App\Item,977EAF13-2C15-40F1-A575-91972BCAAA8F,2019-01-01 00:13:52,2019-01-01 00:13:52
2DD0BB03-BAA4-3343-3757-1FB2C36D1279,App\Item,977EAF13-2C15-40F1-A575-91972BCAAA8F,2019-01-01 00:13:52,2019-01-01 00:13:52
9DB7ACA0-0E87-BC03-F678-A587CF92178A,App\Item,977EAF13-2C15-40F1-A575-91972BCAAA8F,2019-01-01 00:13:52,2019-01-01 00:13:52
49817C61-4193-DA64-9D59-8B7872841BBF,App\Item,977EAF13-2C15-40F1-A575-91972BCAAA8F,2019-01-01 00:13:52,2019-01-01 00:13:52
05F6EA1C-67A8-2026-2792-25BDA9A0530A,App\Item,977EAF13-2C15-40F1-A575-91972BCAAA8F,2019-01-01 00:13:52,2019-01-01 00:13:52
754D9C2A-7CA8-152F-9987-41C2E6B03EB8,App\Item,977EAF13-2C15-40F1-A575-91972BCAAA8F,2019-01-01 00:13:52,2019-01-01 00:13:52
375F82EE-6719-B8C0-FC1B-353951C5AAC5,App\Item,977EAF13-2C15-40F1-A575-91972BCAAA8F,2019-01-01 00:13:52,2019-01-01 00:13:52
803D7F23-4B43-D381-47F6-7DEA3548E033,App\Item,977EAF13-2C15-40F1-A575-91972BCAAA8F,2019-01-01 00:13:52,2019-01-01 00:13:52
3C21CFBF-6C19-E53E-13C8-8E649A13A6DB,App\Item,977EAF13-2C15-40F1-A575-91972BCAAA8F,2019-01-01 00:13:52,2019-01-01 00:13:52
83C5D54C-268C-C8F1-3950-58569CD96633,App\Item,977EAF13-2C15-40F1-A575-91972BCAAA8F,2019-01-01 00:13:52,2019-01-01 00:13:52
735FFDC8-4204-AD7D-9920-FAD9EA045735,App\Item,977EAF13-2C15-40F1-A575-91972BCAAA8F,2019-01-01 00:13:52,2019-01-01 00:13:52
3101CE56-894A-AAEC-AFA3-3A238573B3C4,App\Item,977EAF13-2C15-40F1-A575-91972BCAAA8F,2019-01-01 00:13:52,2019-01-01 00:13:52
9CE3C809-357D-0E49-DCEE-6611017C7FB7,App\Item,977EAF13-2C15-40F1-A575-91972BCAAA8F,2019-01-01 00:13:52,2019-01-01 00:13:52
D7C9BB9A-66D4-9E1B-A445-7FA15B2C4381,App\Item,977EAF13-2C15-40F1-A575-91972BCAAA8F,2019-01-01 00:13:52,2019-01-01 00:13:52
31B83D8A-768E-4334-6040-E973E6D58982,App\Item,977EAF13-2C15-40F1-A575-91972BCAAA8F,2019-01-01 00:13:52,2019-01-01 00:13:52
BBEEBD24-5DF1-3AA6-8F3A-8AFDAC72B447,App\Item,977EAF13-2C15-40F1-A575-91972BCAAA8F,2019-01-01 00:13:52,2019-01-01 00:13:52
6AD45B8F-A94C-4537-5173-D86843B58E00,App\Item,977EAF13-2C15-40F1-A575-91972BCAAA8F,2019-01-01 00:13:52,2019-01-01 00:13:52
904E6AD2-1804-D823-C0D9-C79CC5EC03AE,App\Item,977EAF13-2C15-40F1-A575-91972BCAAA8F,2019-01-01 00:13:52,2019-01-01 00:13:52
B83BD16C-60A1-0E71-E5E5-77738BBCA99B,App\Item,977EAF13-2C15-40F1-A575-91972BCAAA8F,2019-01-01 00:13:52,2019-01-01 00:13:52
988A8280-6870-1488-0FCB-D284251BF222,App\Item,977EAF13-2C15-40F1-A575-91972BCAAA8F,2019-01-01 00:13:52,2019-01-01 00:13:52
ADB00E9E-9831-024A-E891-0C6DE47C2D3E,App\Item,977EAF13-2C15-40F1-A575-91972BCAAA8F,2019-01-01 00:13:52,2019-01-01 00:13:52
FAFF957C-B0BA-B624-AFF1-4608BD2D3684,App\Item,977EAF13-2C15-40F1-A575-91972BCAAA8F,2019-01-01 00:13:52,2019-01-01 00:13:52
A9C05A0E-78C9-1986-62A8-8646B22FBF88,App\Item,977EAF13-2C15-40F1-A575-91972BCAAA8F,2019-01-01 00:13:52,2019-01-01 00:13:52
83D4E88A-A2BC-0DAD-CD98-15DCA7B3DB3D,App\Item,977EAF13-2C15-40F1-A575-91972BCAAA8F,2019-01-01 00:13:52,2019-01-01 00:13:52
FF029CDA-8E18-3193-DE74-6AF500F419FB,App\Item,977EAF13-2C15-40F1-A575-91972BCAAA8F,2019-01-01 00:13:52,2019-01-01 00:13:52
AB34F1A9-BCD5-53B5-A64B-C5312900BA45,App\Item,977EAF13-2C15-40F1-A575-91972BCAAA8F,2019-01-01 00:13:52,2019-01-01 00:13:52
423A7143-4229-7313-3F8A-F78E0184AF1A,App\Item,977EAF13-2C15-40F1-A575-91972BCAAA8F,2019-01-01 00:13:52,2019-01-01 00:13:52
27DE1DDD-CA6D-A5CA-BEDB-46792353D0F1,App\Item,977EAF13-2C15-40F1-A575-91972BCAAA8F,2019-01-01 00:13:52,2019-01-01 00:13:52
62AD1147-78DF-8F89-D375-653914D9A6D7,App\Item,977EAF13-2C15-40F1-A575-91972BCAAA8F,2019-01-01 00:13:52,2019-01-01 00:13:52
5E18507F-AB77-3169-7BCD-93C8BC1D5FB5,App\Item,977EAF13-2C15-40F1-A575-91972BCAAA8F,2019-01-01 00:13:52,2019-01-01 00:13:52
B506E477-952B-9717-6C9F-25856A473045,App\Item,977EAF13-2C15-40F1-A575-91972BCAAA8F,2019-01-01 00:13:52,2019-01-01 00:13:52
6CBA1B67-FF44-5BD4-9B75-8804C36CC067,App\Item,977EAF13-2C15-40F1-A575-91972BCAAA8F,2019-01-01 00:13:52,2019-01-01 00:13:52
67715A81-9D0C-DCA6-E722-C64AD8047D8F,App\Item,977EAF13-2C15-40F1-A575-91972BCAAA8F,2019-01-01 00:13:52,2019-01-01 00:13:52
95660590-6CF5-3ACF-4A77-FED77F299471,App\Item,977EAF13-2C15-40F1-A575-91972BCAAA8F,2019-01-01 00:13:52,2019-01-01 00:13:52
B40B54EB-9292-CBEF-ACCE-62913E35ED5E,App\Item,977EAF13-2C15-40F1-A575-91972BCAAA8F,2019-01-01 00:13:52,2019-01-01 00:13:52
7009517F-0EAA-FAAA-2C08-31838101F193,App\Item,977EAF13-2C15-40F1-A575-91972BCAAA8F,2019-01-01 00:13:52,2019-01-01 00:13:52
086BA1DD-637F-7EDD-28C0-C90C43ED46D2,App\Item,977EAF13-2C15-40F1-A575-91972BCAAA8F,2019-01-01 00:13:52,2019-01-01 00:13:52
2EC87359-D6B6-5EF2-5F37-742DF2DCA5ED,App\Item,977EAF13-2C15-40F1-A575-91972BCAAA8F,2019-01-01 00:13:52,2019-01-01 00:13:52
9B35FB6D-2144-9A36-6814-A73A00A60D1F,App\Item,977EAF13-2C15-40F1-A575-91972BCAAA8F,2019-01-01 00:13:52,2019-01-01 00:13:52
D24DDB76-1CAE-DFB8-5CE8-711D058A6245,App\Item,977EAF13-2C15-40F1-A575-91972BCAAA8F,2019-01-01 00:13:52,2019-01-01 00:13:52
74D566BF-C1D2-3509-6A06-A3D7A18FE253,App\Item,977EAF13-2C15-40F1-A575-91972BCAAA8F,2019-01-01 00:13:52,2019-01-01 00:13:52
A1097AF2-B231-EAD5-E340-87A2DB69985A,App\Item,977EAF13-2C15-40F1-A575-91972BCAAA8F,2019-01-01 00:13:52,2019-01-01 00:13:52
0A507200-AAEB-5E8A-8A31-3F80C5221EDE,App\Item,977EAF13-2C15-40F1-A575-91972BCAAA8F,2019-01-01 00:13:52,2019-01-01 00:13:52
5DB0ABEA-0182-E7B3-BF98-779F61CCB0A1,App\Item,977EAF13-2C15-40F1-A575-91972BCAAA8F,2019-01-01 00:13:52,2019-01-01 00:13:52
F100648F-0FCA-DB23-8221-9364B40E5A1A,App\Item,977EAF13-2C15-40F1-A575-91972BCAAA8F,2019-01-01 00:13:52,2019-01-01 00:13:52
2B6421B8-44A3-2540-CC82-3DF825D1AC88,App\Item,977EAF13-2C15-40F1-A575-91972BCAAA8F,2019-01-01 00:13:52,2019-01-01 00:13:52
9DE84E62-DF3F-6152-1E7A-48F4BB605EDC,App\Item,977EAF13-2C15-40F1-A575-91972BCAAA8F,2019-01-01 00:13:52,2019-01-01 00:13:52
E6A00F6E-05EF-927E-A537-50F1AB55F128,App\Item,977EAF13-2C15-40F1-A575-91972BCAAA8F,2019-01-01 00:13:52,2019-01-01 00:13:52
0AC498AF-8C12-6091-FC62-A1C3DC5DA724,App\Item,977EAF13-2C15-40F1-A575-91972BCAAA8F,2019-01-01 00:13:52,2019-01-01 00:13:52
29DB4593-4CE9-879E-9A06-8D4C5D75CB56,App\Item,977EAF13-2C15-40F1-A575-91972BCAAA8F,2019-01-01 00:13:52,2019-01-01 00:13:52
159B7C9D-32E0-E21A-266B-3A8AC0288E11,App\Item,977EAF13-2C15-40F1-A575-91972BCAAA8F,2019-01-01 00:13:52,2019-01-01 00:13:52
45B2FEA2-1766-E507-E1EF-F17EC52442BE,App\Item,977EAF13-2C15-40F1-A575-91972BCAAA8F,2019-01-01 00:13:52,2019-01-01 00:13:52
125995E3-EEA9-90DC-B368-D187DE9F4C97,App\Item,977EAF13-2C15-40F1-A575-91972BCAAA8F,2019-01-01 00:13:52,2019-01-01 00:13:52
F59BF0B6-52D8-59F1-E961-364DAAE0E089,App\Item,977EAF13-2C15-40F1-A575-91972BCAAA8F,2019-01-01 00:13:52,2019-01-01 00:13:52
D874BF01-D583-542B-CCCC-5DB26741FFBC,App\Item,977EAF13-2C15-40F1-A575-91972BCAAA8F,2019-01-01 00:13:52,2019-01-01 00:13:52
9C6FADF5-FCC2-498B-E3D5-4A244E037267,App\Item,977EAF13-2C15-40F1-A575-91972BCAAA8F,2019-01-01 00:13:52,2019-01-01 00:13:52
042FDA5A-A95B-72C3-A07F-707E57993732,App\Item,977EAF13-2C15-40F1-A575-91972BCAAA8F,2019-01-01 00:13:52,2019-01-01 00:13:52
52ED6A51-B484-395A-263D-5344149E0A70,App\Item,977EAF13-2C15-40F1-A575-91972BCAAA8F,2019-01-01 00:13:52,2019-01-01 00:13:52
0FFADF48-5F96-8905-41AC-ED99A1B016E0,App\Item,977EAF13-2C15-40F1-A575-91972BCAAA8F,2019-01-01 00:13:52,2019-01-01 00:13:52
8C09B6A8-7104-1C8A-349D-21AC73D4A8B4,App\Item,977EAF13-2C15-40F1-A575-91972BCAAA8F,2019-01-01 00:13:52,2019-01-01 00:13:52
1DF32F9A-7290-3972-9EB4-90976E2561B4,App\Item,977EAF13-2C15-40F1-A575-91972BCAAA8F,2019-01-01 00:13:52,2019-01-01 00:13:52
BE852DCA-3D4A-C3E0-938C-4E7400BFD85C,App\Item,977EAF13-2C15-40F1-A575-91972BCAAA8F,2019-01-01 00:13:52,2019-01-01 00:13:52
3D59893E-F388-DEE4-B692-8395E46F6461,App\Item,977EAF13-2C15-40F1-A575-91972BCAAA8F,2019-01-01 00:13:52,2019-01-01 00:13:52
3F788E3A-BA52-0F37-6873-E9A3346ACACB,App\Item,977EAF13-2C15-40F1-A575-91972BCAAA8F,2019-01-01 00:13:52,2019-01-01 00:13:52
7AABD858-F4D2-D974-9FBF-10735D31389C,App\Item,977EAF13-2C15-40F1-A575-91972BCAAA8F,2019-01-01 00:13:52,2019-01-01 00:13:52
EDA5A628-1AD5-7B31-9A95-65BEC4910771,App\Item,977EAF13-2C15-40F1-A575-91972BCAAA8F,2019-01-01 00:13:52,2019-01-01 00:13:52
F17B01D7-398E-65AB-3DA7-FF09A102AE68,App\Item,977EAF13-2C15-40F1-A575-91972BCAAA8F,2019-01-01 00:13:52,2019-01-01 00:13:52
842C0331-B0C7-C6B4-9E10-1BD55358921A,App\Item,977EAF13-2C15-40F1-A575-91972BCAAA8F,2019-01-01 00:13:52,2019-01-01 00:13:52
E4243D9E-7D20-16EA-0DBF-A35A0E4FE173,App\Item,977EAF13-2C15-40F1-A575-91972BCAAA8F,2019-01-01 00:13:52,2019-01-01 00:13:52
AB313011-FF0A-9053-41F2-D111E580BBBD,App\Item,977EAF13-2C15-40F1-A575-91972BCAAA8F,2019-01-01 00:13:52,2019-01-01 00:13:52
AD25BA65-9E46-18BF-BA81-BBBAF4DD1F68,App\Item,977EAF13-2C15-40F1-A575-91972BCAAA8F,2019-01-01 00:13:52,2019-01-01 00:13:52
9498A6D9-849D-524B-2557-55C0316E92D2,App\Item,977EAF13-2C15-40F1-A575-91972BCAAA8F,2019-01-01 00:13:52,2019-01-01 00:13:52
869F61E7-0286-912B-933B-FEBF6E84B6FF,App\Item,977EAF13-2C15-40F1-A575-91972BCAAA8F,2019-01-01 00:13:52,2019-01-01 00:13:52
9B551818-AA14-B6D6-067F-741B69C348FF,App\Item,977EAF13-2C15-40F1-A575-91972BCAAA8F,2019-01-01 00:13:52,2019-01-01 00:13:52
ABB5AF5E-3C49-A5C4-A0D2-20A3F02650B8,App\Item,977EAF13-2C15-40F1-A575-91972BCAAA8F,2019-01-01 00:13:52,2019-01-01 00:13:52
888DDB4A-19C8-11B0-92B1-F81076C549B7,App\Item,977EAF13-2C15-40F1-A575-91972BCAAA8F,2019-01-01 00:13:52,2019-01-01 00:13:52
DF5792D6-0C55-41A1-8B15-4F31D642E9DE,App\Item,977EAF13-2C15-40F1-A575-91972BCAAA8F,2019-01-01 00:13:52,2019-01-01 00:13:52
C665A279-3AB3-5243-DC13-7800B12E3683,App\Item,977EAF13-2C15-40F1-A575-91972BCAAA8F,2019-01-01 00:13:52,2019-01-01 00:13:52
FD0AD66C-01F7-7A57-70AD-732EAB33286F,App\Item,977EAF13-2C15-40F1-A575-91972BCAAA8F,2019-01-01 00:13:52,2019-01-01 00:13:52
22D5C96E-CC17-5BCB-6362-0F0D5E6DF274,App\Item,977EAF13-2C15-40F1-A575-91972BCAAA8F,2019-01-01 00:13:52,2019-01-01 00:13:52
6FA6C501-3823-EAF6-5B32-929D6938E77E,App\Item,977EAF13-2C15-40F1-A575-91972BCAAA8F,2019-01-01 00:13:52,2019-01-01 00:13:52
F2095860-6256-A246-B351-943F56C42E63,App\Item,977EAF13-2C15-40F1-A575-91972BCAAA8F,2019-01-01 00:13:52,2019-01-01 00:13:52
0F67421E-FAF7-7D9E-DCDA-4B0EA7458AC9,App\Item,977EAF13-2C15-40F1-A575-91972BCAAA8F,2019-01-01 00:13:52,2019-01-01 00:13:52
446F0DB7-FDC5-FDDC-F210-B2830FA26733,App\Item,977EAF13-2C15-40F1-A575-91972BCAAA8F,2019-01-01 00:13:52,2019-01-01 00:13:52
F9211DE6-6072-844B-EFDC-AD016334A163,App\Item,977EAF13-2C15-40F1-A575-91972BCAAA8F,2019-01-01 00:13:52,2019-01-01 00:13:52
145A5A56-98C2-A7D9-A5CA-D31330C771B6,App\Item,977EAF13-2C15-40F1-A575-91972BCAAA8F,2019-01-01 00:13:52,2019-01-01 00:13:52
6A39D811-5D18-8E49-B6D0-2BADA9E914EA,App\Item,977EAF13-2C15-40F1-A575-91972BCAAA8F,2019-01-01 00:13:52,2019-01-01 00:13:52
957FEEB8-1B23-021F-D7EC-8E46BE1C6402,App\Item,977EAF13-2C15-40F1-A575-91972BCAAA8F,2019-01-01 00:13:52,2019-01-01 00:13:52
D92D270E-BB6D-3DE8-C496-1A74E144B35F,App\Item,977EAF13-2C15-40F1-A575-91972BCAAA8F,2019-01-01 00:13:52,2019-01-01 00:13:52
F30A0EC5-9D57-6B0C-A0E1-659F77620455,App\Item,977EAF13-2C15-40F1-A575-91972BCAAA8F,2019-01-01 00:13:52,2019-01-01 00:13:52
EC3C66CC-D6E2-8684-4F8D-D3AAA2F6146B,App\Item,977EAF13-2C15-40F1-A575-91972BCAAA8F,2019-01-01 00:13:52,2019-01-01 00:13:52
B9525205-737F-31B6-271E-1EA76A207802,App\Item,977EAF13-2C15-40F1-A575-91972BCAAA8F,2019-01-01 00:13:52,2019-01-01 00:13:52
98A7AF6E-52E7-147C-EED9-6C43C93AA732,App\Item,977EAF13-2C15-40F1-A575-91972BCAAA8F,2019-01-01 00:13:52,2019-01-01 00:13:52
4355B7FC-8CE9-BD3A-2CB0-8858F50440F4,App\Item,977EAF13-2C15-40F1-A575-91972BCAAA8F,2019-01-01 00:13:52,2019-01-01 00:13:52
19259D49-1F83-4C88-804E-99D70AE0F089,App\Item,977EAF13-2C15-40F1-A575-91972BCAAA8F,2019-01-01 00:13:52,2019-01-01 00:13:52
29D784E9-8544-A5FA-B938-D2916CDF3840,App\Item,977EAF13-2C15-40F1-A575-91972BCAAA8F,2019-01-01 00:13:52,2019-01-01 00:13:52
50A60FF1-FCB3-6C9B-9923-B152F923E6C1,App\Item,977EAF13-2C15-40F1-A575-91972BCAAA8F,2019-01-01 00:13:52,2019-01-01 00:13:52
536CD0F5-0721-14FF-6619-43A9941B33A3,App\Item,977EAF13-2C15-40F1-A575-91972BCAAA8F,2019-01-01 00:13:52,2019-01-01 00:13:52
47A7EF09-E97F-1754-04E3-5E6D66459909,App\Item,977EAF13-2C15-40F1-A575-91972BCAAA8F,2019-01-01 00:13:52,2019-01-01 00:13:52
CB42B9EA-C48F-33F3-C5D1-289835668383,App\Item,977EAF13-2C15-40F1-A575-91972BCAAA8F,2019-01-01 00:13:52,2019-01-01 00:13:52
99734B6C-63E3-FBD5-3D82-B3F9202DA321,App\Item,977EAF13-2C15-40F1-A575-91972BCAAA8F,2019-01-01 00:13:52,2019-01-01 00:13:52
24F94D9A-D7B9-DD9B-D0E4-B1067AF31F7D,App\Item,977EAF13-2C15-40F1-A575-91972BCAAA8F,2019-01-01 00:13:52,2019-01-01 00:13:52
B3AC9EF9-5649-555D-2833-BCD12BAFB3CC,App\Item,977EAF13-2C15-40F1-A575-91972BCAAA8F,2019-01-01 00:13:52,2019-01-01 00:13:52
ED2C9CFF-E71E-58A5-01A5-D36C05FFA4CE,App\Item,977EAF13-2C15-40F1-A575-91972BCAAA8F,2019-01-01 00:13:52,2019-01-01 00:13:52
51646C5E-2A54-3D1C-B0AD-54D1595D6082,App\Item,977EAF13-2C15-40F1-A575-91972BCAAA8F,2019-01-01 00:13:52,2019-01-01 00:13:52
D0E11AF1-5A2C-D890-4924-4867D44FFB29,App\Item,977EAF13-2C15-40F1-A575-91972BCAAA8F,2019-01-01 00:13:52,2019-01-01 00:13:52
08656379-6C26-260A-42E7-7572F0B37EC3,App\Item,977EAF13-2C15-40F1-A575-91972BCAAA8F,2019-01-01 00:13:52,2019-01-01 00:13:52
029460EE-8325-CA42-C1E3-720EC2ED2C00,App\Item,977EAF13-2C15-40F1-A575-91972BCAAA8F,2019-01-01 00:13:52,2019-01-01 00:13:52
6BE5D522-F588-5D04-B9F4-29163DAB7DFA,App\Item,977EAF13-2C15-40F1-A575-91972BCAAA8F,2019-01-01 00:13:52,2019-01-01 00:13:52
AC3C2BAF-6A1E-F71A-A6B2-20635CA7AF19,App\Item,977EAF13-2C15-40F1-A575-91972BCAAA8F,2019-01-01 00:13:52,2019-01-01 00:13:52
FF5AB7A3-BBC4-600E-D4D6-B50CEF201FD4,App\Item,977EAF13-2C15-40F1-A575-91972BCAAA8F,2019-01-01 00:13:52,2019-01-01 00:13:52
8A957DD7-2D45-8A00-F47D-182179A134BC,App\Item,977EAF13-2C15-40F1-A575-91972BCAAA8F,2019-01-01 00:13:52,2019-01-01 00:13:52
0119C76C-BB59-4CDF-30B7-52584F916593,App\Item,977EAF13-2C15-40F1-A575-91972BCAAA8F,2019-01-01 00:13:52,2019-01-01 00:13:52
DC72A08F-B451-0215-F519-70CB507F0F9C,App\Item,977EAF13-2C15-40F1-A575-91972BCAAA8F,2019-01-01 00:13:52,2019-01-01 00:13:52
40054A55-A616-41F9-2BCB-0E640B68287F,App\Item,977EAF13-2C15-40F1-A575-91972BCAAA8F,2019-01-01 00:13:52,2019-01-01 00:13:52
FBD07056-1402-920C-DDF7-FBD1A1B1522D,App\Item,977EAF13-2C15-40F1-A575-91972BCAAA8F,2019-01-01 00:13:52,2019-01-01 00:13:52
5BC8EFFC-EEFD-5425-B8EF-7C1229C3B982,App\Item,977EAF13-2C15-40F1-A575-91972BCAAA8F,2019-01-01 00:13:52,2019-01-01 00:13:52
11375C06-C1E5-372C-AFB8-F69CAB14A321,App\Item,977EAF13-2C15-40F1-A575-91972BCAAA8F,2019-01-01 00:13:52,2019-01-01 00:13:52
7AA37862-4B6A-E603-AE53-2B699D5EF5C5,App\Item,977EAF13-2C15-40F1-A575-91972BCAAA8F,2019-01-01 00:13:52,2019-01-01 00:13:52
9004CB8C-98F6-3090-FCC5-392181430776,App\Item,977EAF13-2C15-40F1-A575-91972BCAAA8F,2019-01-01 00:13:52,2019-01-01 00:13:52
31E06944-BAC4-97E5-7288-D42983D50DEB,App\Item,977EAF13-2C15-40F1-A575-91972BCAAA8F,2019-01-01 00:13:52,2019-01-01 00:13:52
DCD51BF2-6A2B-9090-CA8F-337A66FE909D,App\Item,977EAF13-2C15-40F1-A575-91972BCAAA8F,2019-01-01 00:13:52,2019-01-01 00:13:52
557AF634-3F5C-513B-6A62-DC34CE5EA3B5,App\Item,977EAF13-2C15-40F1-A575-91972BCAAA8F,2019-01-01 00:13:52,2019-01-01 00:13:52
E367E0B3-8DBD-E9DE-0F6F-A23C90D611C1,App\Item,977EAF13-2C15-40F1-A575-91972BCAAA8F,2019-01-01 00:13:52,2019-01-01 00:13:52
4AB31E9B-AC81-2286-F26D-358D7C41628D,App\Item,977EAF13-2C15-40F1-A575-91972BCAAA8F,2019-01-01 00:13:52,2019-01-01 00:13:52
3796BCB5-8C79-D4B4-6BAB-54A386E25093,App\Item,977EAF13-2C15-40F1-A575-91972BCAAA8F,2019-01-01 00:13:52,2019-01-01 00:13:52
19575FE6-696C-1F9A-2B4E-B296F65C1962,App\Item,977EAF13-2C15-40F1-A575-91972BCAAA8F,2019-01-01 00:13:52,2019-01-01 00:13:52
931115D3-DEC2-615B-165D-E3F0D83DFADA,App\Item,977EAF13-2C15-40F1-A575-91972BCAAA8F,2019-01-01 00:13:52,2019-01-01 00:13:52
2F583B6A-7EC8-7267-B934-6128BBA23313,App\Item,977EAF13-2C15-40F1-A575-91972BCAAA8F,2019-01-01 00:13:52,2019-01-01 00:13:52
5D9EB84D-FEB2-A616-594D-B65AA85F4D3D,App\Item,977EAF13-2C15-40F1-A575-91972BCAAA8F,2019-01-01 00:13:52,2019-01-01 00:13:52
52146674-A5AE-535C-C4F8-3674808CDEAE,App\Item,977EAF13-2C15-40F1-A575-91972BCAAA8F,2019-01-01 00:13:52,2019-01-01 00:13:52
FF233A5B-6B68-9492-E888-EFBAC04BCC72,App\Item,977EAF13-2C15-40F1-A575-91972BCAAA8F,2019-01-01 00:13:52,2019-01-01 00:13:52
6E5ADB80-34FA-FED1-BB9E-1A77C5CD965B,App\Item,977EAF13-2C15-40F1-A575-91972BCAAA8F,2019-01-01 00:13:52,2019-01-01 00:13:52
195E9F86-9CC8-7EDD-D522-DBE1ABFB5D58,App\Item,977EAF13-2C15-40F1-A575-91972BCAAA8F,2019-01-01 00:13:52,2019-01-01 00:13:52
0C03C2E8-03EA-570F-F636-9526AE5C1E0F,App\Item,977EAF13-2C15-40F1-A575-91972BCAAA8F,2019-01-01 00:13:52,2019-01-01 00:13:52
C9E21F1C-D959-573C-5E80-5FA84E77AF61,App\Item,977EAF13-2C15-40F1-A575-91972BCAAA8F,2019-01-01 00:13:52,2019-01-01 00:13:52
F64E8EC6-1744-5238-3182-C1D667A8451F,App\Item,977EAF13-2C15-40F1-A575-91972BCAAA8F,2019-01-01 00:13:52,2019-01-01 00:13:52
63695681-F713-DA6F-E89A-7243FDA9C98F,App\Item,977EAF13-2C15-40F1-A575-91972BCAAA8F,2019-01-01 00:13:52,2019-01-01 00:13:52
2D44DE37-9692-5E1F-76DF-E48EB9C6409B,App\Item,977EAF13-2C15-40F1-A575-91972BCAAA8F,2019-01-01 00:13:52,2019-01-01 00:13:52
22397EF1-32DB-3429-0685-0015512D7C1F,App\Item,977EAF13-2C15-40F1-A575-91972BCAAA8F,2019-01-01 00:13:52,2019-01-01 00:13:52
1178C6AB-A8DC-1CB8-D121-F5C3442F8E65,App\Item,977EAF13-2C15-40F1-A575-91972BCAAA8F,2019-01-01 00:13:52,2019-01-01 00:13:52
FA9C3190-43BD-8A6B-3933-85177C55569E,App\Item,977EAF13-2C15-40F1-A575-91972BCAAA8F,2019-01-01 00:13:52,2019-01-01 00:13:52
1A5E28C9-B48E-850B-D7C0-2C0B1A80780E,App\Item,977EAF13-2C15-40F1-A575-91972BCAAA8F,2019-01-01 00:13:52,2019-01-01 00:13:52
363285E1-35F0-EE8D-F004-4E642F91BD93,App\Item,977EAF13-2C15-40F1-A575-91972BCAAA8F,2019-01-01 00:13:52,2019-01-01 00:13:52
39BAA38C-F011-AD77-455E-588017761F4E,App\Item,977EAF13-2C15-40F1-A575-91972BCAAA8F,2019-01-01 00:13:52,2019-01-01 00:13:52
53B4E49D-F99F-5E85-A62A-1AD705C1A689,App\Item,977EAF13-2C15-40F1-A575-91972BCAAA8F,2019-01-01 00:13:52,2019-01-01 00:13:52
B442754B-1FEF-8085-AEC0-8735226CC142,App\Item,977EAF13-2C15-40F1-A575-91972BCAAA8F,2019-01-01 00:13:52,2019-01-01 00:13:52
A1BC6D69-2A5E-40C6-ED59-2CE1DE2E5534,App\Item,977EAF13-2C15-40F1-A575-91972BCAAA8F,2019-01-01 00:13:52,2019-01-01 00:13:52
624A25FA-F8E1-A50A-522F-1FCDD4A631AC,App\Item,977EAF13-2C15-40F1-A575-91972BCAAA8F,2019-01-01 00:13:52,2019-01-01 00:13:52
C54BE7EC-04B3-65FE-28BC-2FBF89ABFBF3,App\Item,977EAF13-2C15-40F1-A575-91972BCAAA8F,2019-01-01 00:13:52,2019-01-01 00:13:52
CAF4232D-4149-2ADF-E13C-AADF164D34D3,App\Item,977EAF13-2C15-40F1-A575-91972BCAAA8F,2019-01-01 00:13:52,2019-01-01 00:13:52
D9493600-620C-380C-5AF8-9A5EDC27ED48,App\Item,977EAF13-2C15-40F1-A575-91972BCAAA8F,2019-01-01 00:13:52,2019-01-01 00:13:52
DD1F8121-7085-93E5-CC4E-275ECB1E5E8E,App\Item,977EAF13-2C15-40F1-A575-91972BCAAA8F,2019-01-01 00:13:52,2019-01-01 00:13:52
DE3432C2-985B-FACF-ACB8-8CDA95B81A3C,App\Item,977EAF13-2C15-40F1-A575-91972BCAAA8F,2019-01-01 00:13:52,2019-01-01 00:13:52
DAC6A8D0-B151-AFE3-BB91-E921E7A9F188,App\Item,977EAF13-2C15-40F1-A575-91972BCAAA8F,2019-01-01 00:13:52,2019-01-01 00:13:52
6C469D51-1A31-00D2-BFEF-10790E0C6C7C,App\Item,977EAF13-2C15-40F1-A575-91972BCAAA8F,2019-01-01 00:13:52,2019-01-01 00:13:52
307684AA-491F-A17C-7CDD-A23C4E18A5BB,App\Item,977EAF13-2C15-40F1-A575-91972BCAAA8F,2019-01-01 00:13:52,2019-01-01 00:13:52
83C1536C-16E0-BD12-F8AA-EFAF46127336,App\Item,977EAF13-2C15-40F1-A575-91972BCAAA8F,2019-01-01 00:13:52,2019-01-01 00:13:52
2BA2AB85-3CEB-063D-4CE5-B0D95877507C,App\Item,977EAF13-2C15-40F1-A575-91972BCAAA8F,2019-01-01 00:13:52,2019-01-01 00:13:52
800C5D26-1E91-42DF-C9A6-6829C7E42CEB,App\Item,977EAF13-2C15-40F1-A575-91972BCAAA8F,2019-01-01 00:13:52,2019-01-01 00:13:52
997624E2-5BB2-4DA4-9F5E-67D7D3133A76,App\Item,977EAF13-2C15-40F1-A575-91972BCAAA8F,2019-01-01 00:13:52,2019-01-01 00:13:52
D099FB93-7B89-062D-AE56-654537148366,App\Item,977EAF13-2C15-40F1-A575-91972BCAAA8F,2019-01-01 00:13:52,2019-01-01 00:13:52
77C9E414-C332-D075-5016-0AE13FDFB502,App\Item,977EAF13-2C15-40F1-A575-91972BCAAA8F,2019-01-01 00:13:52,2019-01-01 00:13:52
31118B59-D0E8-313E-4B9D-3B2CAE13998F,App\Item,977EAF13-2C15-40F1-A575-91972BCAAA8F,2019-01-01 00:13:52,2019-01-01 00:13:52
408CAF7C-439D-D932-3C69-47AB81E1D3DD,App\Item,977EAF13-2C15-40F1-A575-91972BCAAA8F,2019-01-01 00:13:52,2019-01-01 00:13:52
9C6C69F0-A2E1-0D9B-351A-4D9023B702BC,App\Item,977EAF13-2C15-40F1-A575-91972BCAAA8F,2019-01-01 00:13:52,2019-01-01 00:13:52
AC82416B-132E-C1E7-BE18-CF727BCDF4D8,App\Item,977EAF13-2C15-40F1-A575-91972BCAAA8F,2019-01-01 00:13:52,2019-01-01 00:13:52